"date","strategy_return_pct","benchmark_return_pct"
"2018-01-02","1.19","1.4"
"2018-01-03","1.72","2"
"2018-01-04","2.04","2.43"
"2018-01-05","2.43","2.68"
"2018-01-08","2.79","3.21"
"2018-01-09","2.7","3.93"
"2018-01-10","2.18","4.39"
"2018-01-11","2.43","4.34"
"2018-01-12","1.91","4.82"
"2018-01-15","1.41","4.82"
"2018-01-16","2.43","5.65"
"2018-01-17","2.12","5.39"
"2018-01-18","2.78","5.97"
"2018-01-19","3.07","6.32"
"2018-01-22","4.37","7.59"
"2018-01-23","5.42","8.73"
"2018-01-24","5.49","8.91"
"2018-01-25","4.82","8.29"
"2018-01-26","5.34","8.69"
"2018-01-29","3.34","6.73"
"2018-01-30","2.29","5.59"
"2018-01-31","2.6","6.08"
"2018-02-01","1.88","5.34"
"2018-02-02","2.5","5.96"
"2018-02-05","2.41","6.04"
"2018-02-06","-0.47","2.93"
"2018-02-07","-2.82","0.49"
"2018-02-08","-3.62","-0.47"
"2018-02-09","-8.06","-4.72"
"2018-02-12","-7.87","-3.49"
"2018-02-13","-7.87","-2.36"
"2018-02-14","-7.87","-1.59"
"2018-02-22","-7.87","0.54"
"2018-02-23","-7.87","1"
"2018-02-26","-7.87","2.17"
"2018-02-27","-7.87","0.7"
"2018-02-28","-7.87","-0.18"
"2018-03-01","-7.87","0.45"
"2018-03-02","-7.87","-0.36"
"2018-03-05","-7.87","-0.32"
"2018-03-06","-7.87","0.89"
"2018-03-07","-7.87","0.14"
"2018-03-08","-7.87","1.16"
"2018-03-09","-7.87","1.94"
"2018-03-12","-7.67","2.4"
"2018-03-13","-8.19","1.5"
"2018-03-14","-9.54","1.05"
"2018-03-15","-9.49","1.62"
"2018-03-16","-10.84","0.63"
"2018-03-19","-9.8","1.08"
"2018-03-20","-8.55","1.16"
"2018-03-21","-10.63","0.75"
"2018-03-22","-11.1","-0.26"
"2018-03-23","-15.72","-3.12"
"2018-03-26","-13.07","-3.75"
"2018-03-27","-9.7","-2.92"
"2018-03-28","-10.11","-4.67"
"2018-03-29","-9.64","-3.39"
"2018-03-30","-6.95","-3.28"
"2018-04-02","-7.1","-3.57"
"2018-04-03","-8.35","-4.18"
"2018-04-04","-10.01","-4.37"
"2018-04-09","-9.75","-4.41"
"2018-04-10","-10.01","-2.57"
"2018-04-11","-10.16","-2.3"
"2018-04-12","-10.63","-3.28"
"2018-04-13","-10.58","-3.96"
"2018-04-16","-10.53","-5.51"
"2018-04-17","-10.53","-7"
"2018-04-18","-10.53","-6.56"
"2018-04-19","-10.53","-5.43"
"2018-04-20","-10.53","-6.7"
"2018-04-23","-10.53","-6.56"
"2018-04-24","-10.53","-4.65"
"2018-04-25","-10.53","-5.02"
"2018-04-26","-10.53","-6.83"
"2018-04-27","-10.53","-6.8"
"2018-05-02","-10.53","-6.63"
"2018-05-03","-10.53","-5.9"
"2018-05-04","-10.53","-6.36"
"2018-05-07","-10.53","-4.88"
"2018-05-08","-10.53","-3.78"
"2018-05-09","-10.53","-3.95"
"2018-05-10","-10.53","-3.42"
"2018-05-11","-10.53","-3.92"
"2018-05-14","-10.75","-3.02"
"2018-05-15","-9.3","-2.65"
"2018-05-16","-9.87","-3.42"
"2018-05-17","-10.7","-4.14"
"2018-05-18","-10.59","-3.17"
"2018-05-21","-10.22","-2.72"
"2018-05-22","-10.59","-3.09"
"2018-05-23","-11.76","-4.37"
"2018-05-24","-12.47","-5.05"
"2018-05-25","-12.68","-5.32"
"2018-05-28","-12.52","-4.9"
"2018-05-29","-12.52","-5.63"
"2018-05-30","-12.52","-7.63"
"2018-05-31","-12.52","-5.67"
"2018-06-01","-12.52","-6.46"
"2018-06-04","-12.16","-5.54"
"2018-06-05","-11.43","-4.6"
"2018-06-06","-11.59","-4.8"
"2018-06-07","-11.61","-4.96"
"2018-06-08","-12.78","-6.23"
"2018-06-11","-13.18","-6.22"
"2018-06-12","-13.18","-5.08"
"2018-06-13","-13.18","-6.02"
"2018-06-14","-13.18","-6.39"
"2018-06-15","-13.18","-6.88"
"2018-06-19","-13.18","-10.16"
"2018-06-20","-13.18","-9.81"
"2018-06-21","-13.18","-10.86"
"2018-06-22","-13.18","-10.47"
"2018-06-25","-13.18","-11.67"
"2018-06-26","-13.18","-12.4"
"2018-06-27","-13.18","-14.18"
"2018-06-28","-13.18","-15.07"
"2018-06-29","-13.18","-12.9"
"2018-07-02","-13.18","-15.45"
"2018-07-03","-13.18","-15.42"
"2018-07-04","-13.18","-16.55"
"2018-07-05","-13.18","-17.08"
"2018-07-06","-13.18","-16.52"
"2018-07-09","-13.18","-14.18"
"2018-07-10","-13.18","-13.98"
"2018-07-11","-13.18","-15.46"
"2018-07-12","-13.18","-13.64"
"2018-07-13","-13.18","-13.35"
"2018-07-16","-13.18","-13.86"
"2018-07-17","-13.18","-14.43"
"2018-07-18","-13.18","-14.87"
"2018-07-19","-13.18","-14.95"
"2018-07-20","-13.18","-13.35"
"2018-07-23","-12.85","-12.53"
"2018-07-24","-12.34","-11.14"
"2018-07-25","-12.23","-11.24"
"2018-07-26","-13.19","-12.27"
"2018-07-27","-14.09","-12.64"
"2018-07-30","-14.81","-12.8"
"2018-07-31","-14.5","-12.73"
"2018-08-01","-16.41","-14.47"
"2018-08-02","-18.28","-16.37"
"2018-08-03","-19.42","-17.75"
"2018-08-06","-19.45","-18.79"
"2018-08-07","-19.45","-16.42"
"2018-08-08","-19.45","-17.77"
"2018-08-09","-19.45","-15.71"
"2018-08-10","-19.45","-15.53"
"2018-08-13","-19.45","-15.89"
"2018-08-14","-19.45","-16.32"
"2018-08-15","-19.45","-18.33"
"2018-08-16","-19.45","-18.71"
"2018-08-17","-19.45","-19.88"
"2018-08-20","-19.45","-18.94"
"2018-08-21","-19.45","-17.47"
"2018-08-22","-19.45","-17.93"
"2018-08-23","-19.45","-17.63"
"2018-08-24","-19.45","-17.5"
"2018-08-27","-19.45","-15.49"
"2018-08-28","-19.45","-15.65"
"2018-08-29","-19.45","-15.98"
"2018-08-30","-19.45","-16.86"
"2018-08-31","-19.45","-17.28"
"2018-09-03","-19.56","-17.59"
"2018-09-04","-18.61","-16.55"
"2018-09-05","-20.27","-18.18"
"2018-09-06","-20.95","-19.05"
"2018-09-07","-20.43","-18.69"
"2018-09-10","-20.77","-19.87"
"2018-09-11","-20.77","-20.01"
"2018-09-12","-20.77","-20.56"
"2018-09-13","-20.77","-19.71"
"2018-09-14","-20.77","-19.57"
"2018-09-17","-21.12","-20.49"
"2018-09-18","-19.6","-18.89"
"2018-09-19","-18.51","-17.82"
"2018-09-20","-18.56","-17.88"
"2018-09-21","-16.01","-15.39"
"2018-09-25","-16.85","-16.15"
"2018-09-26","-15.93","-15.22"
"2018-09-27","-16.3","-15.56"
"2018-09-28","-15.43","-14.69"
"2018-10-08","-19.45","-18.36"
"2018-10-09","-19.28","-18.41"
"2018-10-10","-19.33","-18.59"
"2018-10-11","-23.48","-22.5"
"2018-10-12","-22.06","-21.34"
"2018-10-15","-21.94","-22.44"
"2018-10-16","-21.94","-23.07"
"2018-10-17","-21.94","-22.64"
"2018-10-18","-21.94","-24.47"
"2018-10-19","-21.94","-22.23"
"2018-10-22","-21.94","-18.87"
"2018-10-23","-21.94","-21.02"
"2018-10-24","-21.94","-20.91"
"2018-10-25","-21.94","-20.75"
"2018-10-26","-21.94","-21.27"
"2018-10-29","-21.94","-23.67"
"2018-10-30","-21.94","-22.84"
"2018-10-31","-21.94","-21.76"
"2018-11-01","-21.94","-21.18"
"2018-11-02","-21.94","-18.37"
"2018-11-05","-21.94","-19.05"
"2018-11-06","-21.94","-19.54"
"2018-11-07","-21.94","-20.07"
"2018-11-08","-21.94","-20.3"
"2018-11-09","-21.94","-21.42"
"2018-11-12","-19.03","-20.48"
"2018-11-13","-17.73","-19.68"
"2018-11-14","-18.1","-20.49"
"2018-11-15","-17.11","-19.56"
"2018-11-16","-17.36","-19.18"
"2018-11-19","-17.49","-18.27"
"2018-11-20","-19.67","-20.16"
"2018-11-21","-19.49","-19.96"
"2018-11-22","-19.49","-20.25"
"2018-11-23","-22.89","-22.01"
"2018-11-26","-22.95","-22.07"
"2018-11-27","-22.4","-22.17"
"2018-11-28","-20.91","-21.13"
"2018-11-29","-22.77","-22.16"
"2018-11-30","-21.71","-21.29"
"2018-12-03","-19.43","-19.1"
"2018-12-04","-19.43","-18.93"
"2018-12-05","-19.43","-19.32"
"2018-12-06","-19.43","-21.07"
"2018-12-07","-19.43","-21.07"
"2018-12-10","-19.76","-21.98"
"2018-12-11","-18.93","-21.61"
"2018-12-12","-18.99","-21.34"
"2018-12-13","-18.36","-20.12"
"2018-12-14","-20.77","-21.46"
"2018-12-17","-21.16","-21.57"
"2018-12-18","-21.16","-22.39"
"2018-12-19","-21.16","-23.31"
"2018-12-20","-21.16","-23.9"
"2018-12-21","-21.16","-24.84"
"2018-12-24","-21.16","-24.63"
"2018-12-25","-21.16","-25.15"
"2018-12-26","-21.16","-25.52"
"2018-12-27","-21.16","-25.81"
"2018-12-28","-21.16","-25.31"
"2019-01-02","-21.16","-26.33"
"2019-01-03","-21.16","-26.45"
"2019-01-04","-21.16","-24.68"
"2019-01-07","-21.16","-24.23"
"2019-01-08","-21.16","-24.39"
"2019-01-09","-21.16","-23.63"
"2019-01-10","-21.16","-23.77"
"2019-01-11","-21.16","-23.22"
"2019-01-14","-21.16","-23.89"
"2019-01-15","-21.16","-22.4"
"2019-01-16","-21.16","-22.38"
"2019-01-17","-21.16","-22.81"
"2019-01-18","-21.16","-21.4"
"2019-01-21","-21.01","-20.97"
"2019-01-22","-22.15","-22.02"
"2019-01-23","-22.07","-22.07"
"2019-01-24","-21.53","-21.63"
"2019-01-25","-21.92","-21"
"2019-01-28","-21.94","-21.01"
"2019-01-29","-21.6","-20.76"
"2019-01-30","-22.12","-21.39"
"2019-01-31","-21.38","-20.57"
"2019-02-01","-20.08","-19.44"
"2019-02-11","-18.98","-17.97"
"2019-02-12","-18.39","-17.38"
"2019-02-13","-16.7","-15.72"
"2019-02-14","-16.6","-15.6"
"2019-02-15","-17.98","-17.17"
"2019-02-18","-15.6","-14.52"
"2019-02-19","-15.82","-14.67"
"2019-02-20","-15.6","-14.36"
"2019-02-21","-15.7","-14.59"
"2019-02-22","-13.44","-12.67"
"2019-02-25","-8.48","-7.48"
"2019-02-26","-9.28","-8.59"
"2019-02-27","-10.57","-8.74"
"2019-02-28","-9.83","-8.97"
"2019-03-01","-7.99","-6.97"
"2019-03-04","-4.56","-5.87"
"2019-03-05","-0.94","-5.33"
"2019-03-06","0.28","-4.53"
"2019-03-07","-0.57","-5.51"
"2019-03-08","-2.84","-9.26"
"2019-03-11","1.69","-7.46"
"2019-03-12","4.02","-6.83"
"2019-03-13","-0.76","-7.61"
"2019-03-14","-2.9","-8.25"
"2019-03-15","-2.54","-7.09"
"2019-03-18","0.22","-4.44"
"2019-03-19","0.16","-4.88"
"2019-03-20","-1.06","-4.85"
"2019-03-21","-0.21","-4.81"
"2019-03-22","-0.57","-4.89"
"2019-03-25","-1.83","-7.15"
"2019-03-26","-4.77","-8.2"
"2019-03-27","-3.6","-7.13"
"2019-03-28","-4.95","-7.5"
"2019-03-29","-1.72","-3.93"
"2019-04-01","2.16","-1.41"
"2019-04-02","2.08","-1.48"
"2019-04-03","3.27","-0.22"
"2019-04-04","4.21","0.78"
"2019-04-08","3.03","0.65"
"2019-04-09","3.48","1.11"
"2019-04-10","3.23","1.36"
"2019-04-11","1.48","-0.83"
"2019-04-12","1.22","-1.05"
"2019-04-15","-0.12","-1.37"
"2019-04-16","2.24","1.36"
"2019-04-17","2.42","1.4"
"2019-04-18","2.08","1.02"
"2019-04-19","2.95","2.23"
"2019-04-22","0.31","-0.13"
"2019-04-23","0.14","-0.29"
"2019-04-24","0.29","-0.02"
"2019-04-25","-1.78","-2.21"
"2019-04-26","-3.12","-3.51"
"2019-04-29","-2.75","-3.24"
"2019-04-30","-2.7","-2.92"
"2019-05-06","-5.67","-8.59"
"2019-05-07","-5.67","-7.7"
"2019-05-08","-5.67","-9.02"
"2019-05-09","-5.67","-10.7"
"2019-05-10","-5.67","-7.45"
"2019-05-13","-5.67","-8.98"
"2019-05-14","-5.67","-9.57"
"2019-05-15","-5.67","-7.54"
"2019-05-16","-5.67","-7.12"
"2019-05-17","-5.67","-9.48"
"2019-05-20","-5.67","-10.25"
"2019-05-21","-5.67","-9.03"
"2019-05-22","-5.67","-9.46"
"2019-05-23","-5.67","-11.09"
"2019-05-24","-5.67","-10.84"
"2019-05-27","-5.67","-9.77"
"2019-05-28","-5.67","-8.9"
"2019-05-29","-5.67","-9.1"
"2019-05-30","-5.67","-9.67"
"2019-05-31","-5.67","-9.95"
"2019-06-03","-5.67","-9.89"
"2019-06-04","-5.67","-10.73"
"2019-06-05","-5.67","-10.76"
"2019-06-06","-5.67","-11.57"
"2019-06-10","-5.67","-10.42"
"2019-06-11","-5.67","-7.73"
"2019-06-12","-5.67","-8.43"
"2019-06-13","-5.67","-8.57"
"2019-06-14","-5.67","-9.33"
"2019-06-17","-5.67","-9.33"
"2019-06-18","-5.67","-9.01"
"2019-06-19","-5.67","-7.81"
"2019-06-20","-5.67","-5.02"
"2019-06-21","-5.67","-4.89"
"2019-06-24","-5.68","-4.7"
"2019-06-25","-6.63","-5.69"
"2019-06-26","-6.61","-5.87"
"2019-06-27","-5.58","-4.86"
"2019-06-28","-5.61","-5.09"
"2019-07-01","-3.29","-2.36"
"2019-07-02","-3.14","-2.32"
"2019-07-03","-3.95","-3.41"
"2019-07-04","-4.58","-3.91"
"2019-07-05","-4.09","-3.41"
"2019-07-08","-6.29","-5.66"
"2019-07-09","-6.51","-5.9"
"2019-07-10","-6.49","-6.06"
"2019-07-11","-6.46","-6.09"
"2019-07-12","-5.7","-5.51"
"2019-07-15","-5.36","-5.13"
"2019-07-16","-5.75","-5.56"
"2019-07-17","-5.9","-5.61"
"2019-07-18","-6.51","-6.51"
"2019-07-19","-5.53","-5.53"
"2019-07-22","-7.29","-6.18"
"2019-07-23","-6.02","-5.98"
"2019-07-24","-4.94","-5.24"
"2019-07-25","-4.43","-4.46"
"2019-07-26","-4.43","-4.27"
"2019-07-29","-4.24","-4.38"
"2019-07-30","-3.42","-3.98"
"2019-07-31","-4.05","-4.85"
"2019-08-01","-3.8","-5.64"
"2019-08-02","-4.75","-7.03"
"2019-08-05","-6.53","-8.81"
"2019-08-06","-7.92","-9.79"
"2019-08-07","-8.17","-10.16"
"2019-08-08","-6.84","-8.97"
"2019-08-09","-7.98","-9.86"
"2019-08-12","-7.55","-8.23"
"2019-08-13","-7.55","-9.06"
"2019-08-14","-7.55","-8.64"
"2019-08-15","-7.55","-8.36"
"2019-08-16","-7.55","-7.95"
"2019-08-19","-5.14","-5.95"
"2019-08-20","-6.04","-6.03"
"2019-08-21","-6.29","-6.18"
"2019-08-22","-5.98","-5.89"
"2019-08-23","-5.92","-5.21"
"2019-08-26","-6.83","-6.57"
"2019-08-27","-5.2","-5.31"
"2019-08-28","-5.32","-5.66"
"2019-08-29","-5.74","-5.97"
"2019-08-30","-6.29","-5.74"
"2019-09-02","-3.68","-4.53"
"2019-09-03","-3.5","-4.4"
"2019-09-04","-2.78","-3.59"
"2019-09-05","-1.57","-2.62"
"2019-09-06","-1.32","-2.04"
"2019-09-09","1.04","-1.44"
"2019-09-10","0.49","-1.78"
"2019-09-11","-0.9","-2.5"
"2019-09-12","-0.42","-1.45"
"2019-09-16","-0.71","-1.81"
"2019-09-17","-2.77","-3.46"
"2019-09-18","-2.7","-3"
"2019-09-19","-1.83","-2.64"
"2019-09-20","-1.67","-2.36"
"2019-09-23","-2.07","-3.48"
"2019-09-24","-2.04","-3.22"
"2019-09-25","-3.58","-3.97"
"2019-09-26","-5.76","-4.71"
"2019-09-27","-5.33","-4.42"
"2019-09-30","-6.26","-5.37"
"2019-10-08","-7.09","-4.79"
"2019-10-09","-6.79","-4.65"
"2019-10-10","-4.23","-3.88"
"2019-10-11","-4.11","-2.96"
"2019-10-14","-3.58","-1.93"
"2019-10-15","-3.58","-2.35"
"2019-10-16","-3.58","-2.68"
"2019-10-17","-3.58","-2.62"
"2019-10-18","-3.58","-4.01"
"2019-10-21","-3.58","-3.72"
"2019-10-22","-3.58","-3.35"
"2019-10-23","-3.58","-3.96"
"2019-10-24","-3.58","-3.97"
"2019-10-25","-3.58","-3.33"
"2019-10-28","-3.58","-2.59"
"2019-10-29","-3.58","-2.99"
"2019-10-30","-3.58","-3.46"
"2019-10-31","-3.58","-3.57"
"2019-11-01","-3.58","-1.95"
"2019-11-04","-3.28","-1.31"
"2019-11-05","-2.73","-0.7"
"2019-11-06","-3.13","-1.14"
"2019-11-07","-3.01","-0.97"
"2019-11-08","-3.4","-1.43"
"2019-11-11","-5.75","-3.17"
"2019-11-12","-5.69","-3.15"
"2019-11-13","-5.17","-3.25"
"2019-11-14","-4.58","-3.1"
"2019-11-15","-5.52","-3.81"
"2019-11-18","-5.11","-3.05"
"2019-11-19","-2.47","-2.08"
"2019-11-20","-3.12","-3.05"
"2019-11-21","-3.41","-3.5"
"2019-11-22","-5.52","-4.49"
"2019-11-25","-5.41","-3.79"
"2019-11-26","-5.41","-3.45"
"2019-11-27","-5.41","-3.85"
"2019-11-28","-5.41","-4.18"
"2019-11-29","-5.41","-5.02"
"2019-12-02","-5.41","-4.83"
"2019-12-03","-5.41","-4.46"
"2019-12-04","-5.41","-4.49"
"2019-12-05","-5.41","-3.76"
"2019-12-06","-5.41","-3.19"
"2019-12-09","-6.04","-3.36"
"2019-12-10","-5.25","-3.24"
"2019-12-11","-6.21","-3.18"
"2019-12-12","-5.98","-3.47"
"2019-12-13","-3.94","-1.55"
"2019-12-16","-2.69","-1.07"
"2019-12-17","-1.39","0.27"
"2019-12-18","-2.13","0.05"
"2019-12-19","-2.18","-0.09"
"2019-12-20","-3.09","-0.34"
"2019-12-23","-5.27","-1.58"
"2019-12-24","-3.84","-0.94"
"2019-12-25","-3.41","-0.99"
"2019-12-26","-2.69","-0.12"
"2019-12-27","-3.46","-0.22"
"2019-12-30","-1.87","1.26"
"2019-12-31","-1.7","1.63"
"2020-01-02","0.29","3.01"
"2020-01-03","0.24","2.83"
"2020-01-06","1.15","2.44"
"2020-01-07","2.45","3.21"
"2020-01-08","1.03","2.02"
"2020-01-09","2.3","3.31"
"2020-01-10","1.87","3.28"
"2020-01-13","3.44","4.3"
"2020-01-14","2.77","3.95"
"2020-01-15","2.61","3.37"
"2020-01-16","3.11","2.93"
"2020-01-17","3.22","3.08"
"2020-01-20","5.83","3.84"
"2020-01-21","5.1","2.07"
"2020-01-22","6.55","2.51"
"2020-01-23","2.94","-0.67"
"2020-02-03","-5.11","-8.5"
"2020-02-04","0.89","-6.08"
"2020-02-05","3.94","-5.02"
"2020-02-06","7.21","-3.25"
"2020-02-07","7.77","-3.25"
"2020-02-10","8.93","-2.85"
"2020-02-11","8.16","-1.94"
"2020-02-12","11.43","-1.15"
"2020-02-13","10.43","-1.76"
"2020-02-14","10.38","-1.07"
"2020-02-17","15.04","1.16"
"2020-02-18","16.09","0.66"
"2020-02-19","14.09","0.51"
"2020-02-20","16.93","2.82"
"2020-02-21","19.15","2.94"
"2020-02-24","20.98","2.53"
"2020-02-25","21.92","2.31"
"2020-02-26","16.76","1.05"
"2020-02-27","17.26","1.34"
"2020-02-28","10.82","-2.25"
"2020-03-02","14.09","0.96"
"2020-03-03","16.2","1.5"
"2020-03-04","15.98","2.09"
"2020-03-05","17.81","4.36"
"2020-03-06","17.26","2.67"
"2020-03-09","11.82","-0.84"
"2020-03-10","14.59","1.29"
"2020-03-11","12.43","-0.06"
"2020-03-12","9.49","-1.98"
"2020-03-13","8.43","-3.36"
"2020-03-16","3.07","-7.52"
"2020-03-17","3.27","-7.97"
"2020-03-18","1.72","-9.79"
"2020-03-19","2.63","-10.96"
"2020-03-20","3.37","-9.37"
"2020-03-23","0.64","-12.42"
"2020-03-24","0.64","-10.07"
"2020-03-25","0.64","-7.65"
"2020-03-26","0.64","-8.26"
"2020-03-27","0.64","-7.96"
"2020-03-30","0.64","-8.85"
"2020-03-31","0.64","-8.55"
"2020-04-01","0.64","-8.83"
"2020-04-02","0.64","-7.35"
"2020-04-03","0.64","-7.88"
"2020-04-07","0.64","-5.78"
"2020-04-08","0.64","-6.21"
"2020-04-09","0.64","-5.91"
"2020-04-10","0.64","-6.49"
"2020-04-13","0.64","-6.89"
"2020-04-14","0.64","-5.09"
"2020-04-15","0.64","-5.79"
"2020-04-16","0.64","-5.67"
"2020-04-17","0.64","-4.75"
"2020-04-20","1.87","-4.4"
"2020-04-21","0.83","-5.53"
"2020-04-22","1.77","-4.75"
"2020-04-23","0.94","-4.99"
"2020-04-24","-0.15","-5.8"
"2020-04-27","0.32","-5.16"
"2020-04-28","0.94","-4.51"
"2020-04-29","0.99","-4.06"
"2020-04-30","3.11","-2.93"
"2020-05-06","4.97","-2.35"
"2020-05-07","4.76","-2.63"
"2020-05-08","5.64","-1.67"
"2020-05-11","4.71","-1.75"
"2020-05-12","5.69","-1.75"
"2020-05-13","6.47","-1.55"
"2020-05-14","5.33","-2.62"
"2020-05-15","5.64","-2.93"
"2020-05-18","5.49","-2.68"
"2020-05-19","6.62","-1.85"
"2020-05-20","5.59","-2.37"
"2020-05-21","4.51","-2.9"
"2020-05-22","2.02","-5.13"
"2020-05-25","2.18","-5"
"2020-05-26","5.44","-3.92"
"2020-05-27","3.32","-4.6"
"2020-05-28","2.54","-4.32"
"2020-05-29","3.78","-4.06"
"2020-06-01","7.46","-1.48"
"2020-06-02","7.35","-1.17"
"2020-06-03","7.17","-1.17"
"2020-06-04","7.37","-1.21"
"2020-06-05","7.62","-0.73"
"2020-06-08","6.51","-0.22"
"2020-06-09","8","0.4"
"2020-06-10","9.03","0.22"
"2020-06-11","8.88","-0.87"
"2020-06-12","10.01","-0.69"
"2020-06-15","10.01","-1.88"
"2020-06-16","12.17","-0.4"
"2020-06-17","12.43","-0.33"
"2020-06-18","12.73","0.34"
"2020-06-19","15","1.68"
"2020-06-22","16.28","1.77"
"2020-06-23","18.54","2.26"
"2020-06-24","18.54","2.68"
"2020-06-29","17.93","1.96"
"2020-06-30","21.21","3.3"
"2020-07-01","20.34","5.38"
"2020-07-02","20.75","7.57"
"2020-07-03","22.29","9.64"
"2020-07-06","25.89","15.86"
"2020-07-07","28.62","16.55"
"2020-07-08","32.27","18.44"
"2020-07-09","37.41","20.09"
"2020-07-10","37.97","17.92"
"2020-07-13","43.98","20.4"
"2020-07-14","42.19","19.25"
"2020-07-15","39.87","17.7"
"2020-07-16","31.44","12.04"
"2020-07-17","32.73","12.75"
"2020-07-20","34.17","16.11"
"2020-07-21","35.81","16.38"
"2020-07-22","37.61","16.96"
"2020-07-23","39.05","16.91"
"2020-07-24","30.36","11.78"
"2020-07-27","30.52","12.34"
"2020-07-28","32.21","13.33"
"2020-07-29","37.71","16.08"
"2020-07-30","36.27","15.51"
"2020-07-31","39.15","16.48"
"2020-08-03","42.55","18.37"
"2020-08-04","40.7","18.48"
"2020-08-05","41.98","18.51"
"2020-08-06","39.72","18.16"
"2020-08-07","36.53","16.8"
"2020-08-10","36.99","17.22"
"2020-08-11","34.52","16.15"
"2020-08-12","32.82","15.3"
"2020-08-13","33.43","15.01"
"2020-08-14","35.32","16.72"
"2020-08-17","37.24","19.46"
"2020-08-18","38.22","19.4"
"2020-08-19","35.89","17.61"
"2020-08-20","34.56","16.08"
"2020-08-21","35.36","17.07"
"2020-08-24","36.08","17.99"
"2020-08-25","35.39","18.14"
"2020-08-26","33.12","16.75"
"2020-08-27","34.3","17.38"
"2020-08-28","36.58","20.18"
"2020-08-31","34.97","19.48"
"2020-09-01","35.91","20.13"
"2020-09-02","35.8","20.17"
"2020-09-03","35.25","19.51"
"2020-09-04","33.73","18.34"
"2020-09-07","31.06","15.84"
"2020-09-08","31.72","16.46"
"2020-09-09","28.65","13.74"
"2020-09-10","28.76","13.67"
"2020-09-11","29.76","14.8"
"2020-09-14","30.33","15.39"
"2020-09-15","30.33","16.31"
"2020-09-16","30.33","15.54"
"2020-09-17","30.33","14.93"
"2020-09-18","30.33","17.52"
"2020-09-21","28.7","16.39"
"2020-09-22","27.16","15.01"
"2020-09-23","27.53","15.42"
"2020-09-24","25.46","13.2"
"2020-09-25","25.54","13.38"
"2020-09-28","25.58","13.67"
"2020-09-29","25.58","13.92"
"2020-09-30","25.58","13.81"
"2020-10-09","25.58","16.13"
"2020-10-12","25.58","19.66"
"2020-10-13","25.58","20.05"
"2020-10-14","25.58","19.26"
"2020-10-15","25.58","19.05"
"2020-10-16","25.58","18.88"
"2020-10-19","23.25","17.98"
"2020-10-20","25.38","18.92"
"2020-10-21","23.82","18.9"
"2020-10-22","22.39","18.54"
"2020-10-23","19.27","17.06"
"2020-10-26","18.24","16.38"
"2020-10-27","18.59","16.58"
"2020-10-28","19.58","17.53"
"2020-10-29","20.67","18.41"
"2020-10-30","18.41","16.48"
"2020-11-02","20.54","17.12"
"2020-11-03","22.01","18.52"
"2020-11-04","22.42","19.42"
"2020-11-05","23.89","21.19"
"2020-11-06","21.46","21.21"
"2020-11-09","23.77","23.58"
"2020-11-10","23.1","22.9"
"2020-11-11","21.95","21.68"
"2020-11-12","21.88","21.77"
"2020-11-13","20.63","20.49"
"2020-11-16","21.93","21.67"
"2020-11-17","21.71","21.43"
"2020-11-18","21.54","21.36"
"2020-11-19","22.57","22.26"
"2020-11-20","22.93","22.64"
"2020-11-23","24.35","24.17"
"2020-11-24","23.57","23.41"
"2020-11-25","22.05","21.83"
"2020-11-26","22.22","22.05"
"2020-11-27","23.96","23.57"
"2020-11-30","23.35","23.06"
"2020-12-01","26.07","25.71"
"2020-12-02","25.8","25.71"
"2020-12-03","25.75","25.46"
"2020-12-04","26.02","25.68"
"2020-12-07","24.94","24.6"
"2020-12-08","24.55","24.29"
"2020-12-09","23.08","22.62"
"2020-12-10","22.83","22.57"
"2020-12-11","21.46","21.31"
"2020-12-14","22.54","22.43"
"2020-12-15","22.91","22.68"
"2020-12-16","23.15","22.9"
"2020-12-17","24.89","24.48"
"2020-12-18","24.18","24.04"
"2020-12-21","28.21","25.21"
"2020-12-22","25.45","23.17"
"2020-12-23","26.69","24.22"
"2020-12-24","25.81","24.04"
"2020-12-25","26.88","25.09"
"2020-12-28","26.69","25.64"
"2020-12-29","25.4","25.11"
"2020-12-30","29.18","26.86"
"2020-12-31","32.27","29.29"
"2021-01-04","37.34","30.69"
"2021-01-05","37.89","33.19"
"2021-01-06","38.58","34.41"
"2021-01-07","41.03","36.79"
"2021-01-08","40.11","36.33"
"2021-01-11","37.94","34.99"
"2021-01-12","41.95","38.84"
"2021-01-13","39.6","38.38"
"2021-01-14","37.85","35.71"
"2021-01-15","37.99","35.41"
"2021-01-18","40.57","36.91"
"2021-01-19","37.34","34.9"
"2021-01-20","42.87","35.86"
"2021-01-21","46.56","38.06"
"2021-01-22","49.56","38.18"
"2021-01-25","49.6","39.57"
"2021-01-26","45.45","36.77"
"2021-01-27","46.1","37.14"
"2021-01-28","41.07","33.4"
"2021-01-29","39.78","32.77"
"2021-02-01","41.03","34.4"
"2021-02-02","43.89","36.47"
"2021-02-03","43.33","36.08"
"2021-02-04","42.96","35.8"
"2021-02-05","42.32","36.04"
"2021-02-08","42.32","38.05"
"2021-02-09","46.27","41.07"
"2021-02-10","46.27","44.08"
"2021-02-18","42.32","43.11"
"2021-02-19","43.11","43.37"
"2021-02-22","38.02","38.86"
"2021-02-23","37.65","38.42"
"2021-02-24","34.03","34.9"
"2021-02-25","35.29","35.69"
"2021-02-26","31.62","32.4"
"2021-03-01","32.86","34.43"
"2021-03-02","32.86","32.72"
"2021-03-03","32.86","35.26"
"2021-03-04","32.86","31.01"
"2021-03-05","32.86","30.56"
"2021-03-08","29.15","26.03"
"2021-03-09","26.25","23.32"
"2021-03-10","24.93","24.13"
"2021-03-11","28.28","27.22"
"2021-03-12","28.37","27.67"
"2021-03-15","27.54","24.93"
"2021-03-16","27.54","26.01"
"2021-03-17","27.54","26.55"
"2021-03-18","27.54","27.56"
"2021-03-19","27.54","24.22"
"2021-03-22","27.54","25.46"
"2021-03-23","27.54","24.27"
"2021-03-24","27.54","22.27"
"2021-03-25","27.54","22.22"
"2021-03-26","27.54","24.99"
"2021-03-29","27.54","25.21"
"2021-03-30","27.54","26.39"
"2021-03-31","27.54","25.24"
"2021-04-01","27.54","26.79"
"2021-04-02","27.54","28.05"
"2021-04-06","27.54","27.52"
"2021-04-07","27.54","26.62"
"2021-04-08","27.54","26.83"
"2021-04-09","27.54","24.92"
"2021-04-12","25.67","22.75"
"2021-04-13","25.27","22.55"
"2021-04-14","26.41","23.56"
"2021-04-15","26.54","22.78"
"2021-04-16","28.11","23.2"
"2021-04-19","29.41","26.2"
"2021-04-20","29.67","26.11"
"2021-04-21","29.32","26.49"
"2021-04-22","29.79","26.26"
"2021-04-23","30.43","27.4"
"2021-04-26","28.13","25.96"
"2021-04-27","29.07","26.29"
"2021-04-28","31.98","27"
"2021-04-29","32.11","28.12"
"2021-04-30","33.76","27.11"
"2021-05-06","29.96","25.56"
"2021-05-07","26.17","23.95"
"2021-05-10","26.52","23.86"
"2021-05-11","26.34","24.62"
"2021-05-12","28.22","25.15"
"2021-05-13","27.33","23.87"
"2021-05-14","31.44","26.79"
"2021-05-17","34.57","28.63"
"2021-05-18","33.72","28.7"
"2021-05-19","34.79","28.32"
"2021-05-20","36.18","28.67"
"2021-05-21","34.79","27.37"
"2021-05-24","35.87","27.9"
"2021-05-25","39.58","31.94"
"2021-05-26","38.5","32"
"2021-05-27","39.53","32.43"
"2021-05-28","39.66","32.01"
"2021-05-31","42.97","32.27"
"2021-06-01","42.66","32.52"
"2021-06-02","40.2","31.24"
"2021-06-03","38.68","30.38"
"2021-06-04","40.56","31.05"
"2021-06-07","39.71","30.93"
"2021-06-08","38.95","29.8"
"2021-06-09","38.73","29.91"
"2021-06-10","42.26","30.78"
"2021-06-11","42.97","29.62"
"2021-06-15","41.18","28.18"
"2021-06-16","35.33","26.04"
"2021-06-17","38.19","26.57"
"2021-06-18","40.38","26.59"
"2021-06-21","41.68","26.29"
"2021-06-22","42.03","27.07"
"2021-06-23","43.96","27.7"
"2021-06-24","42.03","27.91"
"2021-06-25","45.12","30"
"2021-06-28","47.89","30.29"
"2021-06-29","47.53","28.77"
"2021-06-30","50.93","29.6"
"2021-07-01","49.45","29.74"
"2021-07-02","44.4","26.06"
"2021-07-05","45.43","26.17"
"2021-07-06","43.02","26.1"
"2021-07-07","47.89","27.53"
"2021-07-08","48.65","26.23"
"2021-07-09","47.8","25.77"
"2021-07-12","53.34","27.34"
"2021-07-13","52.63","27.57"
"2021-07-14","51.33","26.1"
"2021-07-15","53.43","27.8"
"2021-07-16","48.92","26.39"
"2021-07-19","49.9","26.86"
"2021-07-20","50.17","26.75"
"2021-07-21","54.59","27.62"
"2021-07-22","53.83","27.81"
"2021-07-23","50.66","26.26"
"2021-07-26","46.32","22.19"
"2021-07-27","40.51","17.87"
"2021-07-28","42.44","18.1"
"2021-07-29","50.26","20.33"
"2021-07-30","48.92","19.36"
"2021-08-02","51.82","22.4"
"2021-08-03","50.48","22.42"
"2021-08-04","54.19","23.52"
"2021-08-05","52.99","22.77"
"2021-08-06","51.51","22.1"
"2021-08-09","49.81","23.69"
"2021-08-10","50.62","25.11"
"2021-08-11","48.83","24.42"
"2021-08-12","46.77","23.38"
"2021-08-13","45.39","22.7"
"2021-08-16","43.47","22.58"
"2021-08-17","40.3","20.01"
"2021-08-18","40.9","21.42"
"2021-08-19","41.2","20.62"
"2021-08-20","40.59","18.32"
"2021-08-23","40.79","19.97"
"2021-08-24","40.79","21.27"
"2021-08-25","40.79","21.52"
"2021-08-26","40.79","19.12"
"2021-08-27","40.79","19.75"
"2021-08-30","41.44","19.41"
"2021-08-31","42","19.22"
"2021-09-01","40.8","20.8"
"2021-09-02","43.34","20.8"
"2021-09-03","42.61","20.15"
"2021-09-06","43.84","22.4"
"2021-09-07","46.99","23.87"
"2021-09-08","47.93","23.35"
"2021-09-09","49.22","23.3"
"2021-09-10","49.17","24.38"
"2021-09-13","49.67","23.84"
"2021-09-14","48.02","21.99"
"2021-09-15","48.65","20.75"
"2021-09-16","45.95","19.27"
"2021-09-17","44.77","20.47"
"2021-09-22","46.19","19.62"
"2021-09-23","46.99","20.4"
"2021-09-24","44.82","20.31"
"2021-09-27","40.83","21"
"2021-09-28","40.92","21.16"
"2021-09-29","37.75","19.92"
"2021-09-30","38.99","20.73"
"2021-10-08","38.89","22.31"
"2021-10-11","37.03","22.46"
"2021-10-12","34.65","21.16"
"2021-10-13","37.61","22.56"
"2021-10-14","37.74","21.9"
"2021-10-15","40.57","22.36"
"2021-10-18","40.39","20.94"
"2021-10-19","41.23","22.13"
"2021-10-20","40.97","21.82"
"2021-10-21","40.48","22.26"
"2021-10-22","40.97","23.04"
"2021-10-25","43.22","23.54"
"2021-10-26","42.56","23.13"
"2021-10-27","41.85","21.52"
"2021-10-28","40.66","20.67"
"2021-10-29","43.8","21.78"
"2021-11-01","42.69","21.33"
"2021-11-02","42.87","20.07"
"2021-11-03","42.6","19.61"
"2021-11-04","44.28","20.79"
"2021-11-05","43.75","20.13"
"2021-11-08","45.08","20.28"
"2021-11-09","46.05","20.24"
"2021-11-10","45.87","19.61"
"2021-11-11","47.11","21.53"
"2021-11-12","47.11","21.27"
"2021-11-15","45.83","21.13"
"2021-11-16","45.26","21.15"
"2021-11-17","46.8","21.21"
"2021-11-18","44.9","20.01"
"2021-11-19","46.63","21.32"
"2021-11-22","50.16","21.87"
"2021-11-23","49.59","21.89"
"2021-11-24","48.79","21.98"
"2021-11-25","49.06","21.47"
"2021-11-26","48.88","20.57"
"2021-11-29","49.98","20.36"
"2021-11-30","49.85","19.88"
"2021-12-01","48.92","20.17"
"2021-12-02","48.48","20.47"
"2021-12-03","49.14","21.59"
"2021-12-06","47.27","21.38"
"2021-12-07","46.37","22.11"
"2021-12-08","48.51","23.94"
"2021-12-09","48.66","26"
"2021-12-10","48.6","25.41"
"2021-12-13","48.18","26.12"
"2021-12-14","47.29","25.28"
"2021-12-15","45.97","24.19"
"2021-12-16","46.74","24.9"
"2021-12-17","44.65","22.92"
"2021-12-20","42.52","21.08"
"2021-12-21","43.59","21.9"
"2021-12-22","44.19","21.92"
"2021-12-23","45","22.77"
"2021-12-24","44.16","22.09"
"2021-12-27","43.9","22.04"
"2021-12-28","44.65","22.95"
"2021-12-29","42.73","21.15"
"2021-12-30","43.76","22.1"
"2021-12-31","44.1","22.56"
"2022-01-04","43.59","22"
"2022-01-05","42.24","20.77"
"2022-01-06","40.63","19.53"
"2022-01-07","40.98","19.64"
"2022-01-10","40.62","20.17"
"2022-01-11","40.62","19.03"
"2022-01-12","40.62","20.21"
"2022-01-13","40.62","18.24"
"2022-01-14","40.62","17.26"
"2022-01-17","40.62","18.27"
"2022-01-18","40.62","19.41"
"2022-01-19","40.62","18.59"
"2022-01-20","40.62","19.66"
"2022-01-21","40.62","18.57"
"2022-01-24","40.62","18.75"
"2022-01-25","40.62","16.07"
"2022-01-26","40.62","16.91"
"2022-01-27","40.62","14.61"
"2022-01-28","40.62","13.22"
"2022-02-07","40.62","14.97"
"2022-02-08","40.62","14.34"
"2022-02-09","40.62","15.41"
"2022-02-10","40.62","15.11"
"2022-02-11","40.62","14.15"
"2022-02-14","40.62","12.92"
"2022-02-15","40.62","14.12"
"2022-02-16","40.62","14.57"
"2022-02-17","40.62","14.84"
"2022-02-18","40.62","15.39"
"2022-02-21","40.62","14.97"
"2022-02-22","40.62","13.48"
"2022-02-23","40.62","14.69"
"2022-02-24","40.62","12.37"
"2022-02-25","40.62","13.46"
"2022-02-28","40.62","13.66"
"2022-03-01","40.62","14.61"
"2022-03-02","40.62","13.59"
"2022-03-03","40.62","12.92"
"2022-03-04","40.62","11.55"
"2022-03-07","37.64","7.99"
"2022-03-08","32.55","5.82"
"2022-03-09","30.25","4.85"
"2022-03-10","32.33","6.5"
"2022-03-11","34.2","6.84"
"2022-03-14","32.89","3.57"
"2022-03-15","32.89","-1.17"
"2022-03-16","32.89","3.11"
"2022-03-17","32.89","5.13"
"2022-03-18","32.89","5.83"
"2022-03-21","32.89","5.65"
"2022-03-22","32.89","5.57"
"2022-03-23","32.89","6.09"
"2022-03-24","32.89","5.47"
"2022-03-25","32.89","3.57"
"2022-03-28","32.89","2.92"
"2022-03-29","32.89","2.56"
"2022-03-30","32.89","5.54"
"2022-03-31","32.89","4.76"
"2022-04-01","32.89","6.09"
"2022-04-06","32.89","5.78"
"2022-04-07","32.89","4.42"
"2022-04-08","32.89","4.96"
"2022-04-11","28.82","1.72"
"2022-04-12","31.74","3.7"
"2022-04-13","29.26","2.7"
"2022-04-14","28.99","3.99"
"2022-04-15","28.77","3.92"
"2022-04-18","27.86","3.36"
"2022-04-19","27.03","2.58"
"2022-04-20","24.88","0.99"
"2022-04-21","22.79","-0.87"
"2022-04-22","23.1","-0.44"
"2022-04-25","21.19","-5.36"
"2022-04-26","21.19","-6.12"
"2022-04-27","21.19","-3.36"
"2022-04-28","21.19","-2.72"
"2022-04-29","21.19","-0.36"
"2022-05-05","21.19","-0.51"
"2022-05-06","21.19","-3.03"
"2022-05-09","21.19","-3.81"
"2022-05-10","21.19","-2.75"
"2022-05-11","21.19","-1.35"
"2022-05-12","21.19","-1.79"
"2022-05-13","21.19","-1.05"
"2022-05-16","21.19","-1.84"
"2022-05-17","21.19","-0.62"
"2022-05-18","21.19","-0.97"
"2022-05-19","21.19","-0.78"
"2022-05-20","21.19","1.16"
"2022-05-23","21.19","0.57"
"2022-05-24","21.19","-1.78"
"2022-05-25","21.19","-1.18"
"2022-05-26","21.19","-0.94"
"2022-05-27","21.19","-0.73"
"2022-05-30","21.54","-0.05"
"2022-05-31","23.44","1.51"
"2022-06-01","23.31","1.3"
"2022-06-02","24.8","1.46"
"2022-06-06","29.42","3.36"
"2022-06-07","29.48","3.68"
"2022-06-08","30.31","4.69"
"2022-06-09","26.61","3.59"
"2022-06-10","29.58","5.16"
"2022-06-13","28.65","3.93"
"2022-06-14","29.96","4.75"
"2022-06-15","29.41","6.14"
"2022-06-16","29.61","5.44"
"2022-06-17","30.85","6.9"
"2022-06-20","32.56","7.43"
"2022-06-21","32.01","7.31"
"2022-06-22","31.05","5.95"
"2022-06-23","35.29","7.77"
"2022-06-24","38.22","9.03"
"2022-06-27","38.37","10.26"
"2022-06-28","39.03","11.4"
"2022-06-29","35.44","9.69"
"2022-06-30","37.81","11.27"
"2022-07-01","36.25","10.81"
"2022-07-04","38.82","11.54"
"2022-07-05","38.27","11.38"
"2022-07-06","37.56","9.75"
"2022-07-07","39.78","10.24"
"2022-07-08","37.86","9.87"
"2022-07-11","35.79","8.03"
"2022-07-12","32.36","7.02"
"2022-07-13","34.53","7.21"
"2022-07-14","38.07","7.22"
"2022-07-15","35.29","5.4"
"2022-07-18","37.16","6.49"
"2022-07-19","34.78","5.92"
"2022-07-20","35.29","6.28"
"2022-07-21","34.78","5.09"
"2022-07-22","33.82","5.14"
"2022-07-25","33.56","4.51"
"2022-07-26","33.56","5.34"
"2022-07-27","33.56","4.82"
"2022-07-28","33.56","4.83"
"2022-07-29","33.56","3.45"
"2022-08-01","33.56","3.92"
"2022-08-02","33.56","1.89"
"2022-08-03","33.56","0.9"
"2022-08-04","33.56","1.75"
"2022-08-05","33.56","3.13"
"2022-08-08","33.56","2.91"
"2022-08-09","33.56","3.11"
"2022-08-10","33.56","1.96"
"2022-08-11","33.56","4.04"
"2022-08-12","33.56","3.98"
"2022-08-15","34.17","3.84"
"2022-08-16","34.51","3.65"
"2022-08-17","35.39","4.62"
"2022-08-18","34.9","3.7"
"2022-08-19","33.11","2.98"
"2022-08-22","34.79","3.73"
"2022-08-23","34.82","3.23"
"2022-08-24","30.96","1.28"
"2022-08-25","31.67","2.12"
"2022-08-26","31.38","1.9"
"2022-08-29","31.31","1.46"
"2022-08-30","31.12","1.11"
"2022-08-31","28.33","1.19"
"2022-09-01","27.87","0.32"
"2022-09-02","28.1","-0.18"
"2022-09-05","27.84","-0.38"
"2022-09-06","27.84","0.53"
"2022-09-07","27.84","0.6"
"2022-09-08","27.84","0.17"
"2022-09-09","27.84","1.56"
"2022-09-13","27.84","1.99"
"2022-09-14","27.84","0.86"
"2022-09-15","27.84","-0.09"
"2022-09-16","27.84","-2.44"
"2022-09-19","27.84","-2.55"
"2022-09-20","27.84","-2.43"
"2022-09-21","27.84","-3.15"
"2022-09-22","27.84","-4.01"
"2022-09-23","27.84","-4.34"
"2022-09-26","27.84","-4.82"
"2022-09-27","27.84","-3.44"
"2022-09-28","27.84","-5.01"
"2022-09-29","27.84","-5.05"
"2022-09-30","27.84","-5.61"
"2022-10-10","27.84","-7.69"
"2022-10-11","27.84","-7.52"
"2022-10-12","27.84","-6.12"
"2022-10-13","27.84","-6.9"
"2022-10-14","27.84","-4.67"
"2022-10-17","27.84","-4.58"
"2022-10-18","27.84","-4.78"
"2022-10-19","27.84","-6.31"
"2022-10-20","27.84","-6.85"
"2022-10-21","27.84","-7.14"
"2022-10-24","24.64","-9.86"
"2022-10-25","23.26","-10.01"
"2022-10-26","26.62","-9.28"
"2022-10-27","24.58","-9.92"
"2022-10-28","20.29","-12.14"
"2022-10-31","19.07","-12.95"
"2022-11-01","19.07","-9.84"
"2022-11-02","19.07","-8.76"
"2022-11-03","19.07","-9.5"
"2022-11-04","19.07","-6.54"
"2022-11-07","18.77","-6.34"
"2022-11-08","18.89","-6.98"
"2022-11-09","18.56","-7.85"
"2022-11-10","18.15","-8.56"
"2022-11-11","18.85","-6.01"
"2022-11-14","18.66","-5.88"
"2022-11-15","20.7","-4.09"
"2022-11-16","20.14","-4.87"
"2022-11-17","20.39","-5.26"
"2022-11-18","20.16","-5.69"
"2022-11-21","20.03","-6.49"
"2022-11-22","18.75","-6.48"
"2022-11-23","18.54","-6.38"
"2022-11-24","18.56","-6.8"
"2022-11-25","17.94","-6.33"
"2022-11-28","16.98","-7.38"
"2022-11-29","20.55","-4.53"
"2022-11-30","20.65","-4.41"
"2022-12-01","22.03","-3.38"
"2022-12-02","21.32","-3.97"
"2022-12-05","23.51","-2.08"
"2022-12-06","24.22","-1.55"
"2022-12-07","23.85","-1.8"
"2022-12-08","24.13","-1.78"
"2022-12-09","25.17","-0.81"
"2022-12-12","23.88","-1.92"
"2022-12-13","23.54","-2.11"
"2022-12-14","23.85","-1.88"
"2022-12-15","23.79","-1.96"
"2022-12-16","23.91","-1.9"
"2022-12-19","22.13","-3.41"
"2022-12-20","20.19","-5.01"
"2022-12-21","20.09","-4.97"
"2022-12-22","20.34","-4.83"
"2022-12-23","20.03","-5.03"
"2022-12-26","20.31","-4.65"
"2022-12-27","21.76","-3.55"
"2022-12-28","21.36","-3.96"
"2022-12-29","20.99","-4.32"
"2022-12-30","21.48","-3.95"
"2023-01-03","21.82","-3.55"
"2023-01-04","21.97","-3.42"
"2023-01-05","24.28","-1.54"
"2023-01-06","24.77","-1.24"
"2023-01-09","25.54","-0.44"
"2023-01-10","25.73","-0.33"
"2023-01-11","25.73","-0.52"
"2023-01-12","25.91","-0.32"
"2023-01-13","27.82","1.08"
"2023-01-16","30.04","2.66"
"2023-01-17","30.46","2.64"
"2023-01-18","30.35","2.47"
"2023-01-19","31.83","3.11"
"2023-01-20","32.41","3.74"
"2023-01-30","33.79","4.23"
"2023-01-31","32.41","3.13"
"2023-02-01","34","4.1"
"2023-02-02","33.31","3.73"
"2023-02-03","32.04","2.75"
"2023-02-06","30.35","1.39"
"2023-02-07","29.98","1.57"
"2023-02-08","29.25","1.12"
"2023-02-09","31.67","2.48"
"2023-02-10","30.2","1.87"
"2023-02-13","31.12","2.8"
"2023-02-14","31.47","2.84"
"2023-02-15","31.22","2.3"
"2023-02-16","29.48","1.55"
"2023-02-17","28.37","0.09"
"2023-02-20","30.38","2.55"
"2023-02-21","31.14","2.82"
"2023-02-22","31.02","1.89"
"2023-02-23","30.79","1.81"
"2023-02-24","30.51","0.75"
"2023-02-27","29.83","0.32"
"2023-02-28","30.67","0.96"
"2023-03-01","31.47","2.38"
"2023-03-02","31.33","2.16"
"2023-03-03","31.27","2.47"
"2023-03-06","31.31","1.94"
"2023-03-07","29.26","0.45"
"2023-03-08","29.46","0.08"
"2023-03-09","29.32","-0.27"
"2023-03-10","27.68","-1.58"
"2023-03-13","27.5","-0.55"
"2023-03-14","27.5","-1.14"
"2023-03-15","27.5","-1.09"
"2023-03-16","27.5","-2.27"
"2023-03-17","27.5","-1.79"
"2023-03-20","27.5","-2.28"
"2023-03-21","27.5","-1.2"
"2023-03-22","27.5","-0.78"
"2023-03-23","27.5","0.2"
"2023-03-24","27.5","-0.09"
"2023-03-27","27.5","-0.46"
"2023-03-28","27.5","-0.78"
"2023-03-29","27.5","-0.61"
"2023-03-30","27.5","0.19"
"2023-03-31","27.5","0.5"
"2023-04-03","27.5","1.48"
"2023-04-04","27.5","1.79"
"2023-04-06","27.5","1.63"
"2023-04-07","27.5","2.29"
"2023-04-10","26.85","1.83"
"2023-04-11","26.53","1.72"
"2023-04-12","26.05","1.65"
"2023-04-13","24.92","0.95"
"2023-04-14","26.15","1.52"
"2023-04-17","26.64","2.94"
"2023-04-18","26.1","3.25"
"2023-04-19","25.3","2.32"
"2023-04-20","23.96","2.04"
"2023-04-21","21.55","0.04"
"2023-04-24","21.38","-1.2"
"2023-04-25","21.38","-1.69"
"2023-04-26","21.38","-1.78"
"2023-04-27","21.38","-1.05"
"2023-04-28","21.38","-0.04"
"2023-05-04","21.38","-0.01"
"2023-05-05","21.38","-0.35"
"2023-05-08","21.38","0.79"
"2023-05-09","21.38","-0.07"
"2023-05-10","21.38","-0.84"
"2023-05-11","21.38","-1"
"2023-05-12","21.38","-2.31"
"2023-05-15","21.38","-0.79"
"2023-05-16","21.38","-1.31"
"2023-05-17","21.38","-1.75"
"2023-05-18","21.38","-1.86"
"2023-05-19","21.38","-2.14"
"2023-05-22","21.38","-1.53"
"2023-05-23","21.38","-2.92"
"2023-05-24","21.38","-4.26"
"2023-05-25","21.38","-4.47"
"2023-05-26","21.38","-4.46"
"2023-05-29","21.38","-4.89"
"2023-05-30","21.38","-4.79"
"2023-05-31","21.38","-5.76"
"2023-06-01","21.38","-5.56"
"2023-06-02","21.38","-4.19"
"2023-06-05","21.38","-4.63"
"2023-06-06","21.38","-5.52"
"2023-06-07","21.38","-5.99"
"2023-06-08","21.38","-5.23"
"2023-06-09","21.38","-4.82"
"2023-06-12","21.38","-4.62"
"2023-06-13","21.38","-4.12"
"2023-06-14","21.38","-4.14"
"2023-06-15","21.38","-2.61"
"2023-06-16","21.38","-1.67"
"2023-06-19","20.43","-2.48"
"2023-06-20","20.21","-2.64"
"2023-06-21","18.54","-4.14"
"2023-06-26","17.19","-5.49"
"2023-06-27","17.99","-4.6"
"2023-06-28","18.23","-4.71"
"2023-06-29","17.68","-5.19"
"2023-06-30","18.38","-4.67"
"2023-07-03","19.76","-3.42"
"2023-07-04","19.97","-3.27"
"2023-07-05","19.15","-4.02"
"2023-07-06","18.29","-4.67"
"2023-07-07","17.96","-5.09"
"2023-07-10","19.4","-4.63"
"2023-07-11","20.29","-4"
"2023-07-12","19.07","-4.65"
"2023-07-13","21.46","-3.29"
"2023-07-14","20.73","-3.27"
"2023-07-17","19.79","-4.06"
"2023-07-18","19.51","-4.36"
"2023-07-19","18.29","-4.47"
"2023-07-20","17.06","-5.14"
"2023-07-21","17.45","-5.18"
"2023-07-24","16.88","-5.6"
"2023-07-25","20.25","-2.87"
"2023-07-26","19.98","-3.07"
"2023-07-27","19.86","-3.19"
"2023-07-28","22.75","-0.95"
"2023-07-31","23.23","-0.4"
"2023-08-01","22.69","-0.81"
"2023-08-02","21.82","-1.51"
"2023-08-03","22.9","-0.64"
"2023-08-04","23.53","-0.25"
"2023-08-07","22.6","-1.01"
"2023-08-08","22.15","-1.27"
"2023-08-09","21.91","-1.57"
"2023-08-10","22.06","-1.37"
"2023-08-11","19.2","-3.64"
"2023-08-14","18.23","-4.34"
"2023-08-15","18.23","-4.57"
"2023-08-16","18.23","-5.27"
"2023-08-17","18.23","-4.96"
"2023-08-18","18.23","-6.12"
"2023-08-21","18.23","-7.47"
"2023-08-22","18.23","-6.76"
"2023-08-23","18.23","-8.29"
"2023-08-24","18.23","-7.63"
"2023-08-25","18.23","-7.98"
"2023-08-28","18.23","-6.9"
"2023-08-29","18.23","-5.97"
"2023-08-30","18.23","-6.01"
"2023-08-31","18.23","-6.59"
"2023-09-01","18.23","-5.94"
"2023-09-04","18.23","-4.51"
"2023-09-05","18.23","-5.22"
"2023-09-06","18.23","-5.43"
"2023-09-07","18.23","-6.76"
"2023-09-08","18.23","-7.22"
"2023-09-11","18.23","-6.53"
"2023-09-12","18.23","-6.7"
"2023-09-13","18.23","-7.3"
"2023-09-14","18.23","-7.38"
"2023-09-15","18.23","-7.99"
"2023-09-18","18.23","-7.52"
"2023-09-19","18.23","-7.7"
"2023-09-20","18.23","-8.07"
"2023-09-21","18.23","-8.89"
"2023-09-22","18.23","-7.24"
"2023-09-25","17.75","-7.85"
"2023-09-26","17.36","-8.38"
"2023-09-27","17.87","-8.2"
"2023-09-28","18.03","-8.47"
"2023-10-09","17.96","-8.59"
"2023-10-10","17.96","-9.27"
"2023-10-11","17.96","-9.01"
"2023-10-12","17.96","-8.15"
"2023-10-13","17.96","-9.12"
"2023-10-16","17.96","-10.03"
"2023-10-17","17.96","-9.71"
"2023-10-18","17.96","-10.43"
"2023-10-19","17.96","-12.34"
"2023-10-20","17.96","-12.91"
"2023-10-23","17.96","-13.81"
"2023-10-24","17.96","-13.49"
"2023-10-25","17.96","-13.06"
"2023-10-26","17.96","-12.82"
"2023-10-27","17.96","-11.62"
"2023-10-30","17.96","-11.09"
"2023-10-31","17.96","-11.37"
"2023-11-01","17.96","-11.41"
"2023-11-02","17.96","-11.83"
"2023-11-03","17.96","-11.08"
"2023-11-06","17.96","-9.88"
"2023-11-07","17.96","-10.2"
"2023-11-08","17.96","-10.41"
"2023-11-09","17.96","-10.37"
"2023-11-10","17.96","-11.02"
"2023-11-13","17.53","-11.2"
"2023-11-14","17.23","-11.13"
"2023-11-15","17.83","-10.51"
"2023-11-16","15.55","-11.37"
"2023-11-17","16.09","-11.48"
"2023-11-20","16.57","-11.28"
"2023-11-21","15.91","-11.16"
"2023-11-22","13.99","-12.07"
"2023-11-23","14.71","-11.64"
"2023-11-24","13.33","-12.23"
"2023-11-27","13.01","-12.87"
"2023-11-28","13.53","-12.71"
"2023-11-29","12.95","-13.46"
"2023-11-30","12.58","-13.26"
"2023-12-01","13.11","-13.59"
"2023-12-04","12.87","-14.16"
"2023-12-05","11.14","-15.79"
"2023-12-06","11.38","-15.66"
"2023-12-07","11.48","-15.87"
"2023-12-08","11.72","-15.66"
"2023-12-11","11.19","-15.17"
"2023-12-12","11.19","-14.99"
"2023-12-13","11.19","-16.4"
"2023-12-14","11.19","-16.84"
"2023-12-15","11.19","-17.1"
"2023-12-18","11.19","-17.4"
"2023-12-19","11.19","-17.29"
"2023-12-20","11.19","-18.19"
"2023-12-21","11.19","-17.37"
"2023-12-22","11.19","-17.21"
"2023-12-25","11.19","-16.95"
"2023-12-26","11.19","-17.52"
"2023-12-27","11.19","-17.23"
"2023-12-28","11.19","-15.29"
"2023-12-29","11.19","-14.88"
"2024-01-02","11.19","-15.99"
"2024-01-03","11.19","-16.19"
"2024-01-04","11.19","-16.96"
"2024-01-05","11.19","-17.41"
"2024-01-08","11.19","-18.48"
"2024-01-09","11.19","-18.32"
"2024-01-10","11.19","-18.7"
"2024-01-11","11.19","-18.24"
"2024-01-12","11.19","-18.52"
"2024-01-15","11.19","-18.6"
"2024-01-16","11.19","-18.11"
"2024-01-17","11.19","-19.89"
"2024-01-18","11.19","-18.76"
"2024-01-19","11.19","-18.88"
"2024-01-22","11.19","-20.14"
"2024-01-23","11.19","-19.82"
"2024-01-24","11.19","-18.7"
"2024-01-25","11.19","-17.07"
"2024-01-26","11.19","-17.29"
"2024-01-29","11.19","-18.03"
"2024-01-30","11.19","-19.49"
"2024-01-31","11.19","-20.23"
"2024-02-01","11.19","-20.17"
"2024-02-02","11.19","-21.12"
"2024-02-05","11.19","-20.6"
"2024-02-06","11.19","-17.84"
"2024-02-07","11.19","-17.05"
"2024-02-08","11.19","-16.52"
"2024-02-19","11.64","-15.56"
"2024-02-20","12.04","-15.38"
"2024-02-21","13.62","-14.24"
"2024-02-22","14.47","-13.5"
"2024-02-23","14.57","-13.42"
"2024-02-26","13.42","-14.33"
"2024-02-27","14.77","-13.3"
"2024-02-28","13.59","-14.4"
"2024-02-29","15.4","-12.77"
"2024-03-01","16.28","-12.23"
"2024-03-04","16.75","-12.16"
"2024-03-05","16.56","-11.54"
"2024-03-06","16.69","-11.9"
"2024-03-07","14.07","-12.43"
"2024-03-08","14.99","-12.06"
"2024-03-11","17.41","-10.96"
"2024-03-12","16.76","-10.75"
"2024-03-13","16.59","-11.37"
"2024-03-14","16.1","-11.63"
"2024-03-15","17.69","-11.43"
"2024-03-18","19.3","-10.6"
"2024-03-19","17.9","-11.24"
"2024-03-20","18.09","-11.05"
"2024-03-21","17.46","-11.16"
"2024-03-22","15.61","-12.05"
"2024-03-25","13.32","-12.53"
"2024-03-26","14.02","-12.08"
"2024-03-27","10.84","-13.1"
"2024-03-28","11.86","-12.65"
"2024-03-29","12.5","-12.24"
"2024-04-01","13.25","-10.8"
"2024-04-02","13.25","-11.17"
"2024-04-03","13.25","-11.49"
"2024-04-08","11.75","-12.27"
"2024-04-09","12.68","-12.34"
"2024-04-10","11.38","-13.05"
"2024-04-11","11.89","-13.06"
"2024-04-12","11.29","-13.77"
"2024-04-15","11.12","-11.95"
"2024-04-16","11.12","-12.89"
"2024-04-17","11.12","-11.55"
"2024-04-18","11.12","-11.44"
"2024-04-19","11.12","-12.14"
"2024-04-22","11.12","-12.4"
"2024-04-23","11.12","-13.02"
"2024-04-24","11.12","-12.63"
"2024-04-25","11.12","-12.42"
"2024-04-26","11.12","-11.08"
"2024-04-29","13.08","-10.1"
"2024-04-30","12.31","-10.58"
"2024-05-06","14.03","-9.25"
"2024-05-07","14.01","-9.22"
"2024-05-08","12.57","-9.94"
"2024-05-09","14.62","-9.09"
"2024-05-10","14.22","-9.04"
"2024-05-13","13.95","-9.08"
"2024-05-14","13.77","-9.27"
"2024-05-15","12.96","-10.04"
"2024-05-16","13.33","-9.69"
"2024-05-17","14.61","-8.75"
"2024-05-20","14.93","-8.43"
"2024-05-21","14.12","-8.8"
"2024-05-22","15.43","-8.59"
"2024-05-23","13.68","-9.65"
"2024-05-24","11.8","-10.65"
"2024-05-27","12.48","-9.8"
"2024-05-28","11.04","-10.46"
"2024-05-29","11.23","-10.35"
"2024-05-30","11.54","-10.83"
"2024-05-31","11.23","-11.19"
"2024-06-03","11.03","-10.97"
"2024-06-04","11.03","-10.3"
"2024-06-05","11.03","-10.82"
"2024-06-06","11.03","-10.88"
"2024-06-07","11.03","-11.33"
"2024-06-11","11.03","-12.11"
"2024-06-12","11.03","-12.08"
"2024-06-13","11.03","-12.52"
"2024-06-14","11.03","-12.14"
"2024-06-17","11.03","-12.27"
"2024-06-18","11.03","-12.04"
"2024-06-19","11.03","-12.46"
"2024-06-20","11.03","-13.09"
"2024-06-21","11.03","-13.28"
"2024-06-24","11.03","-13.74"
"2024-06-25","11.03","-14.21"
"2024-06-26","11.03","-13.66"
"2024-06-27","11.03","-14.31"
"2024-06-28","11.03","-14.12"
"2024-07-01","11.03","-13.71"
"2024-07-02","11.03","-13.87"
"2024-07-03","11.03","-14.08"
"2024-07-04","11.03","-14.51"
"2024-07-05","11.03","-14.88"
"2024-07-08","11.03","-15.61"
"2024-07-09","11.03","-14.66"
"2024-07-10","11.03","-14.93"
"2024-07-11","11.03","-13.96"
"2024-07-12","11.03","-13.85"
"2024-07-15","11.03","-13.76"
"2024-07-16","11.03","-13.21"
"2024-07-17","11.03","-13.13"
"2024-07-18","11.03","-12.65"
"2024-07-19","11.03","-12.2"
"2024-07-22","10.25","-12.8"
"2024-07-23","8.1","-14.66"
"2024-07-24","7.42","-15.2"
"2024-07-25","6.8","-15.67"
"2024-07-26","7.27","-15.42"
"2024-07-29","7.1","-15.88"
"2024-07-30","7.1","-16.41"
"2024-07-31","7.1","-14.61"
"2024-08-01","7.1","-15.17"
"2024-08-02","7.1","-16.04"
"2024-08-05","7.1","-17.06"
"2024-08-06","7.1","-17.07"
"2024-08-07","7.1","-17.1"
"2024-08-08","7.1","-17.07"
"2024-08-09","7.1","-17.35"
"2024-08-12","7.1","-17.49"
"2024-08-13","7.1","-17.28"
"2024-08-14","7.1","-17.9"
"2024-08-15","7.1","-17.09"
"2024-08-16","7.1","-17"
"2024-08-19","7.1","-16.72"
"2024-08-20","7.1","-17.32"
"2024-08-21","7.1","-17.59"
"2024-08-22","7.1","-17.81"
"2024-08-23","7.1","-17.46"
"2024-08-26","7.1","-17.53"
"2024-08-27","7.1","-18"
"2024-08-28","7.1","-18.47"
"2024-08-29","7.1","-18.69"
"2024-08-30","7.1","-17.6"
"2024-09-02","7.1","-19"
"2024-09-03","7.1","-18.79"
"2024-09-04","7.1","-19.32"
"2024-09-05","7.1","-19.18"
"2024-09-06","7.1","-19.83"
"2024-09-09","7.1","-20.79"
"2024-09-10","7.1","-20.72"
"2024-09-11","7.1","-20.96"
"2024-09-12","7.1","-21.3"
"2024-09-13","7.1","-21.62"
"2024-09-18","7.1","-21.33"
"2024-09-19","7.1","-20.71"
"2024-09-20","7.1","-20.59"
"2024-09-23","7.1","-20.3"
"2024-09-24","7.1","-16.84"
"2024-09-25","7.1","-15.61"
"2024-09-26","7.1","-12.05"
"2024-09-27","7.1","-8.12"
"2024-09-30","19.45","-0.32"
"2024-10-08","43.31","5.59"
"2024-10-09","19.99","-1.86"
"2024-10-10","16.35","-0.82"
"2024-10-11","10.25","-3.56"
"2024-10-14","13.25","-1.72"
"2024-10-15","9.45","-4.34"
"2024-10-16","7.04","-4.94"
"2024-10-17","6.77","-6.02"
"2024-10-18","15.39","-2.62"
"2024-10-21","15.98","-2.37"
"2024-10-22","16.4","-1.81"
"2024-10-23","15.71","-1.43"
"2024-10-24","14.1","-2.53"
"2024-10-25","17.53","-1.85"
"2024-10-28","17.1","-1.65"
"2024-10-29","14.26","-2.63"
"2024-10-30","12.98","-3.51"
"2024-10-31","13.57","-3.47"
"2024-11-01","11.53","-3.49"
"2024-11-04","14.8","-2.14"
"2024-11-05","20.36","0.34"
"2024-11-06","18.97","-0.16"
"2024-11-07","23.41","2.85"
"2024-11-08","22.13","1.82"
"2024-11-11","23.09","2.49"
"2024-11-12","21.95","1.36"
"2024-11-13","21.58","1.99"
"2024-11-14","18.3","0.22"
"2024-11-15","15.24","-1.54"
"2024-11-18","13.52","-2"
"2024-11-19","15.3","-1.34"
"2024-11-20","16.46","-1.12"
"2024-11-21","16.37","-1.03"
"2024-11-22","11.78","-4.1"
"2024-11-25","12.04","-4.53"
"2024-11-26","12.04","-4.73"
"2024-11-27","12.04","-3.07"
"2024-11-28","12.04","-3.93"
"2024-11-29","12.04","-2.83"
"2024-12-02","13.99","-2.06"
"2024-12-03","13.32","-1.96"
"2024-12-04","11.88","-2.49"
"2024-12-05","12.24","-2.71"
"2024-12-06","14.66","-1.43"
"2024-12-09","14.34","-1.59"
"2024-12-10","14.34","-0.87"
"2024-12-11","14.34","-1.04"
"2024-12-12","14.34","-0.06"
"2024-12-13","14.34","-2.42"
"2024-12-16","12.7","-2.95"
"2024-12-17","11.51","-2.7"
"2024-12-18","12.22","-2.21"
"2024-12-19","12.55","-2.12"
"2024-12-20","12.78","-2.56"
"2024-12-23","11.02","-2.41"
"2024-12-24","12.27","-1.17"
"2024-12-25","11.34","-1.12"
"2024-12-26","12.18","-1.08"
"2024-12-27","12.44","-1.24"
"2024-12-30","12.87","-0.79"
"2024-12-31","11.11","-2.38"
"2025-01-02","7.99","-5.22"
"2025-01-03","6.88","-6.34"
"2025-01-06","6.74","-6.5"
"2025-01-07","6.74","-5.82"
"2025-01-08","6.74","-5.99"
"2025-01-09","6.74","-6.23"
"2025-01-10","6.74","-7.4"
"2025-01-13","6.74","-7.65"
"2025-01-14","6.74","-5.22"
"2025-01-15","6.74","-5.83"
"2025-01-16","6.74","-5.72"
"2025-01-17","6.74","-5.42"
"2025-01-20","6.74","-4.99"
"2025-01-21","6.74","-4.92"
"2025-01-22","6.74","-5.8"
"2025-01-23","6.74","-5.63"
"2025-01-24","6.74","-4.91"
"2025-01-27","6.74","-5.3"
"2025-02-05","6.74","-5.85"
"2025-02-06","6.74","-4.66"
"2025-02-07","6.74","-3.43"
"2025-02-10","6.78","-3.22"
"2025-02-11","5.33","-3.66"
"2025-02-12","7.18","-2.75"
"2025-02-13","6.43","-3.12"
"2025-02-14","8.37","-2.28"
"2025-02-17","8.77","-2.07"
"2025-02-18","6.68","-2.93"
"2025-02-19","8.92","-2.25"
"2025-02-20","8.87","-2.53"
"2025-02-21","11.61","-1.3"
"2025-02-24","10.71","-1.52"
"2025-02-25","9.52","-2.61"
"2025-02-26","10.81","-1.76"
"2025-02-27","10.26","-1.56"
"2025-02-28","6.08","-3.49"
"2025-03-03","6.42","-3.53"
"2025-03-04","7.37","-3.61"
"2025-03-05","7.64","-3.18"
"2025-03-06","9.36","-1.85"
"2025-03-07","8.89","-2.15"
"2025-03-10","8.76","-2.53"
"2025-03-11","9.3","-2.22"
"2025-03-12","9.37","-2.57"
"2025-03-13","8.45","-2.96"
"2025-03-14","10.42","-0.6"
"2025-03-17","10.46","-0.85"
"2025-03-18","10.93","-0.57"
"2025-03-19","10.5","-0.51"
"2025-03-20","9.74","-1.39"
"2025-03-21","8.07","-2.88"
"2025-03-24","8.08","-2.38"
"2025-03-25","8.08","-2.45"
"2025-03-26","8.08","-2.77"
"2025-03-27","8.08","-2.44"
"2025-03-28","8.08","-2.87"
"2025-03-31","7.56","-3.56"
"2025-04-01","8.14","-3.55"
"2025-04-02","8.27","-3.63"
"2025-04-03","7.34","-4.2"
"2025-04-07","3.25","-10.95"
"2025-04-08","3.25","-9.43"
"2025-04-09","3.25","-8.54"
"2025-04-10","3.25","-7.34"
"2025-04-11","3.25","-6.95"
"2025-04-14","3.25","-6.74"
"2025-04-15","3.25","-6.69"
"2025-04-16","3.25","-6.4"
"2025-04-17","3.25","-6.42"
"2025-04-18","3.25","-6.41"
"2025-04-21","3.25","-6.1"
"2025-04-22","3.25","-6.13"
"2025-04-23","3.25","-6.05"
"2025-04-24","3.25","-6.12"
"2025-04-25","3.25","-6.05"
"2025-04-28","3.25","-6.18"
"2025-04-29","3.25","-6.35"
"2025-04-30","3.25","-6.46"
"2025-05-06","3.25","-5.52"
"2025-05-07","3.25","-4.94"
"2025-05-08","3.25","-4.41"
"2025-05-09","3.25","-4.58"
"2025-05-12","4.42","-3.48"
"2025-05-13","4.06","-3.34"
"2025-05-14","5.29","-2.17"
"2025-05-15","3.14","-3.07"
"2025-05-16","2.93","-3.52"
"2025-05-19","2.63","-3.81"
"2025-05-20","3.45","-3.29"
"2025-05-21","4.26","-2.84"
"2025-05-22","3.34","-2.9"
"2025-05-23","2.22","-3.69"
"2025-05-26","1.35","-4.24"
"2025-05-27","0.83","-4.75"
"2025-05-28","0.42","-4.83"
"2025-05-29","1.96","-4.27"
"2025-05-30","1.09","-4.73"
"2025-06-03","1.35","-4.44"
"2025-06-04","2.52","-4.02"
"2025-06-05","3.7","-3.8"
"2025-06-06","3.39","-3.89"
"2025-06-09","3.61","-3.61"
"2025-06-10","3.01","-4.1"
"2025-06-11","3.84","-3.38"
"2025-06-12","3.89","-3.44"
"2025-06-13","3.22","-4.13"
"2025-06-16","3.75","-3.9"
"2025-06-17","3.54","-3.98"
"2025-06-18","3.38","-3.87"
"2025-06-19","2.34","-4.66"
"2025-06-20","1.64","-4.57"
"2025-06-23","1.42","-4.29"
"2025-06-24","1.42","-3.15"
"2025-06-25","1.42","-1.76"
"2025-06-26","1.42","-2.1"
"2025-06-27","1.42","-2.71"
"2025-06-30","2.47","-2.35"
"2025-07-01","2.13","-2.19"
"2025-07-02","1.07","-2.16"
"2025-07-03","2.85","-1.56"
"2025-07-04","2.47","-1.21"
"2025-07-07","1.36","-1.63"
"2025-07-08","3.71","-0.8"
"2025-07-09","3.91","-0.98"
"2025-07-10","4.19","-0.52"
"2025-07-11","4.96","-0.4"
"2025-07-14","4.58","-0.33"
"2025-07-15","6.26","-0.29"
"2025-07-16","5.97","-0.59"
"2025-07-17","7.94","0.09"
"2025-07-18","8.18","0.69"
"2025-07-21","9.28","1.36"
"2025-07-22","9.95","2.19"
"2025-07-23","9.86","2.21"
"2025-07-24","11.68","2.93"
"2025-07-25","11.35","2.39"
"2025-07-28","12.5","2.6"
"2025-07-29","14.47","3.01"
"2025-07-30","12.64","2.99"
"2025-07-31","10.53","1.11"
"2025-08-01","10.63","0.6"
"2025-08-04","11.11","0.99"
"2025-08-05","11.44","1.8"
"2025-08-06","12.21","2.05"
"2025-08-07","11.44","2.08"
"2025-08-08","11.06","1.84"
"2025-08-11","13.22","2.27"
"2025-08-12","14.56","2.8"
"2025-08-13","18.79","3.62"
"2025-08-14","17.49","3.53"
"2025-08-15","20.51","4.25"
"2025-08-18","24.02","5.17"
"2025-08-19","23.68","4.78"
"2025-08-20","24.31","5.97"
"2025-08-21","23.54","6.38"
"2025-08-22","27.86","8.61"
"2025-08-25","31.46","10.88"
"2025-08-26","30.45","10.46"
"2025-08-27","29.49","8.81"
"2025-08-28","34.77","10.74"
"2025-08-29","37.6","11.56"
"2025-09-01","40.58","12.23"
"2025-09-02","36.79","11.4"
"2025-09-03","37.84","10.64"
"2025-09-04","32.13","8.29"
"2025-09-05","41.39","10.65"
"2025-09-08","39.67","10.83"
"2025-09-09","36.64","10.06"
"2025-09-10","38.08","10.28"
"2025-09-11","45.28","12.83"
"2025-09-12","43.84","12.18"
"2025-09-15","45.86","12.46"
"2025-09-16","46.91","12.22"
"2025-09-17","49.79","12.9"
"2025-09-18","47.3","11.59"
"2025-09-19","47.06","11.69"
"2025-09-22","48.02","12.2"
"2025-09-23","48.55","12.13"
"2025-09-24","51.76","13.28"
"2025-09-25","54.21","13.96"
"2025-09-26","50.27","12.88"
"2025-09-29","54.31","14.62"
"2025-09-30","54.5","15.13"
"2025-10-09","55.36","16.84"
"2025-10-10","48.64","14.54"
"2025-10-13","46.67","13.97"
"2025-10-14","40.91","12.61"
"2025-10-15","44.23","14.28"
"2025-10-16","44.75","14.58"
"2025-10-17","40","11.99"
"2025-10-20","42.87","12.59"
"2025-10-21","42.87","14.32"
"2025-10-22","42.87","13.94"
"2025-10-23","42.87","14.28"
"2025-10-24","42.87","15.63"
"2025-10-27","43.36","17"
"2025-10-28","42.65","16.4"
"2025-10-29","44.43","17.79"
"2025-10-30","43.27","16.85"
"2025-10-31","41.28","15.13"
"2025-11-03","41.49","15.44"
"2025-11-04","40.48","14.58"
"2025-11-05","40.66","14.8"
"2025-11-06","42.74","16.44"
"2025-11-07","42.44","16.07"
"2025-11-10","40.53","16.48"
"2025-11-11","38.53","15.41"
"2025-11-12","38.31","15.26"
"2025-11-13","41.6","16.65"
"2025-11-14","37.64","14.82"
"2025-11-17","37.24","14.07"
"2025-11-18","35.77","13.33"
"2025-11-19","36.04","13.83"
"2025-11-20","34.66","13.25"
"2025-11-21","29.23","10.49"
"2025-11-24","30.11","10.35"
"2025-11-25","30.11","11.4"
"2025-11-26","30.11","12.08"
"2025-11-27","30.11","12.02"
"2025-11-28","30.11","12.3"
"2025-12-01","30.11","13.54"
"2025-12-02","30.11","12.99"
"2025-12-03","30.11","12.41"
"2025-12-04","30.11","12.79"
"2025-12-05","30.11","13.74"
"2025-12-08","30.11","14.66"
"2025-12-09","30.11","14.08"
"2025-12-10","30.11","13.92"
"2025-12-11","30.11","12.93"
"2025-12-12","30.11","13.65"
"2025-12-15","29.23","12.93"
"2025-12-16","26.75","11.58"
"2025-12-17","31.05","13.62"
"2025-12-18","28.07","12.95"
"2025-12-19","28.69","13.33"
"2025-12-22","31.51","14.41"
"2025-12-23","31.92","14.63"
"2025-12-24","33.04","14.96"
"2025-12-25","33.45","15.18"
"2025-12-26","33.62","15.54"
"2025-12-29","32.75","15.1"
"2025-12-30","33.74","15.39"
"2025-12-31","31.96","14.86"
"2026-01-05","35.67","17.04"
"2026-01-06","38.61","18.85"
"2026-01-07","39.28","18.5"
"2026-01-08","39.71","17.53"
"2026-01-09","43.05","18.06"
"2026-01-12","46.53","18.83"
"2026-01-13","44.62","18.11"
"2026-01-14","45.64","17.64"
"2026-01-15","45.19","17.88"
"2026-01-16","45.5","17.39"
"2026-01-19","46.43","17.46"
"2026-01-20","46.01","17.07"
"2026-01-21","47.9","17.17"
"2026-01-22","48.55","17.19"
"2026-01-23","52.92","16.66"
"2026-01-26","50.21","16.77"
"2026-01-27","51.17","16.74"
"2026-01-28","52.43","17.05"
"2026-01-29","50.68","17.94"
"2026-01-30","48.04","16.76"
"2026-02-02","41.2","14.27"
"2026-02-03","46.74","15.61"
"2026-02-04","47.13","16.57"
"2026-02-05","44.14","15.87"
"2026-02-06","44.07","15.2"
"2026-02-09","47.25","17.07"
"2026-02-10","46.94","17.2"
"2026-02-11","47.53","16.94"
"2026-02-12","49.33","17.09"
"2026-02-13","46.87","15.62"
"2026-02-24","48.55","16.79"
"2026-02-25","50.87","17.49"
"2026-02-26","51.36","17.27"
"2026-02-27","53.24","16.86"
"2026-03-02","53.17","17.31"
"2026-03-03","46.9","15.51"
"2026-03-04","45.89","14.18"
"2026-03-05","46.83","15.3"
"2026-03-06","47.71","15.62"
"2026-03-09","45.51","14.5"
"2026-03-10","45.51","15.97"
"2026-03-11","45.51","16.71"
"2026-03-12","45.51","16.29"
"2026-03-13","45.51","15.84"
"2026-03-16","47.25","15.9"
"2026-03-17","43.91","15.05"
"2026-03-18","46.77","15.57"
"2026-03-19","45.23","13.7"
"2026-03-20","46.9","13.3"
"2026-03-23","41.94","9.6"
"2026-03-24","42.33","11.01"
"2026-03-25","45.41","12.57"
"2026-03-26","43.48","11.08"
"2026-03-27","44.79","11.7"
"2026-03-30","42.5","11.44"
"2026-03-31","42.5","10.4"
"2026-04-01","42.5","12.29"
"2026-04-02","42.5","11.12"
"2026-04-03","42.5","10.17"
"2026-04-07","42.5","10.17"
"2026-04-08","42.5","14.01"
"2026-04-09","42.5","13.28"
"2026-04-10","42.5","15.03"
"2026-04-13","44.02","15.26"
"2026-04-14","47.42","16.63"
"2026-04-15","45.8","16.23"
"2026-04-16","50.49","17.51"
"2026-04-17","52.4","17.31"
"2026-04-20","52.49","18.03"
"2026-04-21","52.86","18.29"
"2026-04-22","56.06","19.07"
"2026-04-23","54.81","18.74"
"2026-04-24","52.57","18.32"
"2026-04-27","51.66","18.36"
"2026-04-28","49.58","18.04"
"2026-04-29","53.4","19.34"
"2026-04-30","53.19","19.26"
"2026-05-06","57.22","20.99"
"2026-05-07","59.67","21.58"
"2026-05-08","58.05","20.87"
"2026-05-11","63.9","22.85"
"2026-05-12","63.61","22.75"
"2026-05-13","68.09","24"
"2026-05-14","64.48","21.92"
"2026-05-15","64.85","20.56"
"2026-05-18","62.9","19.91"
"2026-05-19","62.86","20.39"
"2026-05-20","63.28","20.34"
"2026-05-21","59.71","18.66"
"2026-05-22","63.86","20.2"
"2026-05-25","67.51","22.1"
"2026-05-26","68.38","22.75"
"2026-05-27","68.42","21.77"
"2026-05-28","71.83","21.92"
"2026-05-29","68.3","21.37"
"2026-06-01","64.6","20.18"
"2026-06-02","69.04","21.92"
"2026-06-03","72.12","22.53"
"2026-06-04","70.25","21.68"
"2026-06-05","65.14","19.5"
"2026-06-08","58.92","16.94"
"2026-06-09","64.94","19.13"
"2026-06-10","60.7","17.81"
"2026-06-11","59.04","17.16"
"2026-06-12","59.71","18.52"
"2026-06-15","62.39","21.36"
"2026-06-16","62.39","21.17"
"2026-06-17","62.39","22.34"
"2026-06-18","62.39","22.59"
"2026-06-22","65.67","25.52"
"2026-06-23","59.28","22.04"
"2026-06-24","61.09","22.63"
"2026-06-25","66.27","24.54"
"2026-06-26","59.47","20.77"
"2026-06-29","61.2","22.23"
"2026-06-30","65.14","23.53"
"2026-07-01","64.88","23.03"
"2026-07-02","58.96","19.39"
"2026-07-03","59.89","20.13"
"2026-07-06","58.26","20.12"
"2026-07-07","55.52","18.89"
"2026-07-08","53.63","17.98"
"2026-07-09","58.15","20.97"
"2026-07-10","56.26","18.6"
"2026-07-13","48.99","16.49"
"2026-07-14","51.16","18.99"
"2026-07-15","49.13","18.75"
"2026-07-16","45.64","16.56"
"2026-07-17","37.57","12.36"
"2026-07-20","39.47","14.08"
"2026-07-21","39.47","17.57"
"2026-07-22","39.47","17.03"
"2026-07-23","39.47","17.3"
"2026-07-24","39.47","15.34"
"2026-07-27","39.47","16.66"
"2026-07-28","39.47","13.36"
"2026-07-29","39.47","14.13"
"2026-07-30","39.47","12.87"
"2026-07-31","39.47","13.83"
"2026-08-03","39.47","12.71"
"2026-08-04","39.47","14.14"
"2026-08-05","39.47","15.56"
"2026-08-06","39.47","15.39"
"2026-08-07","39.47","16.46"
"2026-08-10","39.47","16.65"
"2026-08-11","39.47","15.7"
"2026-08-12","39.47","16.38"
"2026-08-13","39.47","15.71"
"2026-08-14","39.47","15.75"
"2026-08-17","42.77","17.62"
"2026-08-18","42.56","17.24"
"2026-08-19","35.93","13.84"
"2026-08-20","36.96","13.94"
"2026-08-21","37.01","14.59"
"2026-08-24","34.82","13.21"
"2026-08-25","34.57","12.93"
"2026-08-26","35.67","13.89"
"2026-08-27","38.87","14.87"
"2026-08-28","38","14.35"
"2026-08-31","38.77","14.74"
"2026-09-01","37.27","14.4"
